{
  "url": "https://www.bbcgoodfood.com/recipes/chicken-chorizo-jambalaya",
  "title": "Chicken & chorizo jambalaya recipe | Good Food",
  "content": "Chicken & chorizo jambalaya recipe | Good FoodSkip to main contentChicken & chorizo jambalayaGood Food teamSave recipeServes 4EasyPrep: 10 minsCook: 45 minsA star rating of 4.8 out of 5.2902 ratingsRateloading...A healthy Cajun-inspired rice pot recipe that's bursting with spicy Spanish sausage, sweet peppers and tomatoesEgg-freeHigh-proteinLow calorieNut-freePrintAdSkip to ingredientsAlternativesComplete the dishShowing items 1 to 3 of 3Avocado & leaf saladA star rating of 4.8 out of 5.20 ratingsThis light summery salad makes the perfect side to beefburgers or spare ribsSpanish bean stewA star rating of 4.7 out of 5.64 ratingsCannellini beans, chicken thighs and spicy chorizo make for a satisfying and simple one-pot supperReal Spanish omeletteA star rating of 4.7 out of 5.118 ratingsMake an omelette inspired by the Catalonian way, a classic dish made simple with only five ingredientsIngredientsNutrition1 tbsp olive oil2 chicken breasts chopped1 onion diced1 red pepper thinly sliced2 garlic cloves crushed75g chorizo sliced1 tbsp Cajun seasoning250g long grain rice400g can plum tomato350ml chicken stockNutrition: per servingkcal445lowfat10glowsaturates3gcarbs64gsugars7glowfibre2gprotein30ghighsalt1.2gAdMethodstep 1Heat 1 tbsp olive oil in a large frying pan with a lid over a medium-high heat and brown 2 chopped chicken breasts for 5-8 mins until golden.step 2Remove and set aside. Tip in the 1 diced onion and cook for 3-4 mins until soft.step 3Add 1 thinly sliced red pepper, 2 crushed garlic cloves, 75g sliced chorizo and 1 tbsp Cajun seasoning, and cook for 5 mins more.step 4Stir the chicken back in with 250g long grain rice, add the 400g can of tomatoes and 350ml chicken stock. Cover and simmer over a medium heat for 20-25 mins until the rice is tender.Frequently asked questionsHow to use leftover cajun seasoningYou can use any leftover Cajun seasoning sprinkled over fries, chicken, or coat a piece of white fish in it. You can even use it in place of fajita or taco seasoning.What to serve with jambalayaServe with a crunchy chopped salad, cornbread and some garlicky green beans.Try this easy prawn jambalaya recipe from our sister title olivemagazine.com/prawn-jambalaya.Recipe from Good Food magazine, April 2011AdComments, questions and tipsRate this recipeWhat is your star rating out of 5?1 star out of 52 stars out of 53 stars out of 54 stars out of 55 stars out of 5Choose the type of message you'd like to postChoose the type of message you'd like to postCommentQuestionTipOverall ratingA star rating of 4.8 out of 5.2902 ratingsAdAdSubscribe to Good Food magazineSubscribe to Good Food magazine for delicious seasonal recipes, easy midweek meals and more – now just 5 issues for £5.Subscribe todayAdExplore our recipe appSubscribe now and get access to exclusive recipes, meal plans, podcasts and more.Try todayGood Food magazineSubscribe to Good Food magazine for delicious seasonal recipes – now just 5 issues for £5.Subscribe todayPodcastTune in to the latest episodes to hear our experts discuss all things food.More",
  "structured_data": null,
  "recipe_sections": {
    "ingredients": [],
    "instructions": []
  },
  "scraped_at": "2025-09-03T16:31:42.416115"
}